number,contract_name,name,address,position,banking,bonus,bike_stands,available_bike_stands,available_bikes,status,last_update
24,maribor,"VZAJEMNA, VARUH ZDRAVJA - BETNAVSKA C.",Betnavska c. 83,"{'lat': 46.54199, 'lng': 15.63831}",False,False,20,0,20,OPEN,2024-04-20 16:00:00+00:00
10,maribor,TELEMACH - GLAVNI TRG - STARI PERON,Glavni trg 20,"{'lat': 46.557328, 'lng': 15.646833}",False,False,20,9,11,OPEN,2024-04-20 16:00:00+00:00
9,maribor,NKBM - TRG LEONA ŠTUKLJA,Ulica slovenske osamosvojitve 5,"{'lat': 46.558519, 'lng': 15.649072}",False,False,20,17,3,OPEN,2024-04-20 16:00:00+00:00
13,maribor,PARTIZANSKA C. - ŽELEZNIŠKA POSTAJA,Partizanska cesta 46-48,"{'lat': 46.561555, 'lng': 15.65692}",False,False,20,3,17,OPEN,2024-04-20 16:00:00+00:00
20,maribor,EUROPARK - POBREŠKA C.,Pobreška cesta 18,"{'lat': 46.554703, 'lng': 15.652826}",False,False,21,6,15,OPEN,2024-04-20 16:00:00+00:00
4,maribor,STROSSMAYERJEVA UL. - TRŽNICA,Strossmayerjeva ulica 3,"{'lat': 46.558498, 'lng': 15.64146}",False,False,20,18,2,OPEN,2024-04-20 16:00:00+00:00
1,maribor,GOSPOSVETSKA C. - TURNERJEVA UL.,Gosposvetska cesta 69,"{'lat': 46.562695, 'lng': 15.62935}",False,False,22,20,2,OPEN,2024-04-20 16:00:00+00:00
16,maribor,KOROŠKA C. - KOROŠKI VETER,Koroška cesta 74,"{'lat': 46.559319, 'lng': 15.63498}",False,False,20,14,6,OPEN,2024-04-20 16:00:00+00:00
3,maribor,GOSPOSVETSKA C. - III. GIMNAZIJA,Gosposvetska cesta 4,"{'lat': 46.560761, 'lng': 15.64053}",False,False,20,20,0,OPEN,2024-04-20 16:00:00+00:00
21,maribor,GORKEGA UL. - OŠ FRANCETA PREŠERNA,Gorkega ulica 32,"{'lat': 46.550683, 'lng': 15.639333}",False,False,20,19,1,OPEN,2024-04-20 16:00:00+00:00
6,maribor,POŠTA - SLOMŠKOV TRG,Slomškov trg 10,"{'lat': 46.558924, 'lng': 15.644443}",False,False,20,3,17,OPEN,2024-04-20 16:00:00+00:00
22,maribor,DVORANA TABOR,Gorkega ulica 48,"{'lat': 46.549005, 'lng': 15.635014}",False,False,20,18,2,OPEN,2024-04-20 16:00:00+00:00
14,maribor,ULICA MOŠE PIJADA - UKC,Ulica Moše Pijada 6,"{'lat': 46.552652, 'lng': 15.646023}",False,False,20,14,6,OPEN,2024-04-20 16:00:00+00:00
19,maribor,LIDL - TITOVA C.,Titova cesta 15,"{'lat': 46.551963, 'lng': 15.651564}",False,False,20,20,0,OPEN,2024-04-20 16:00:00+00:00
25,maribor,SPAR - TRŽNICA TABOR,Kardeljeva c. 55,"{'lat': 46.542655, 'lng': 15.634329}",False,False,20,7,13,OPEN,2024-04-20 16:00:00+00:00
17,maribor,NA POLJANAH - HEROJA ŠERCERJA,NA POLJANAH 53,"{'lat': 46.553109, 'lng': 15.624098}",False,False,20,19,1,OPEN,2024-04-20 16:00:00+00:00
28,maribor,UM FGPA - LENT - SODNI STOLP,Pristan 6,"{'lat': 46.556731, 'lng': 15.64212}",False,False,20,3,17,OPEN,2024-04-20 16:00:00+00:00
8,maribor,RAZLAGOVA UL. - OBČINA,Razlagova ulica 1,"{'lat': 46.56196, 'lng': 15.650235}",False,False,20,11,9,OPEN,2024-04-20 16:00:00+00:00
7,maribor,PARTIZANSKA C. - TIC,Partizanska cesta 6a,"{'lat': 46.560227, 'lng': 15.650781}",False,False,20,0,20,OPEN,2024-04-20 16:00:00+00:00
2,maribor,GOSPOSVETSKA C. - VRBANSKA C.,Gosposvetska cesta 20,"{'lat': 46.561422, 'lng': 15.637118}",False,False,22,21,1,OPEN,2024-04-20 16:00:00+00:00
5,maribor,MLADINSKA UL. - TRUBARJEVA UL.,Mladinska ulica 15,"{'lat': 46.56294, 'lng': 15.644185}",False,False,16,13,3,OPEN,2024-04-20 16:00:00+00:00
12,maribor,MLINSKA UL . - AVTOBUSNA POSTAJA,Mlinska ulica 24,"{'lat': 46.558534, 'lng': 15.654739}",False,False,20,0,20,OPEN,2024-04-20 16:00:00+00:00
29,maribor,PETROL – LENT – VODNI STOLP,Usnjarska ulica 5,"{'lat': 46.556534, 'lng': 15.647629}",False,False,20,11,9,OPEN,2024-04-20 16:00:00+00:00
15,maribor,LJUBLJANSKA UL. - II. GIMNAZIJA,Ljubljanska ul. 30-25,"{'lat': 46.548853, 'lng': 15.645591}",False,False,20,17,3,OPEN,2024-04-20 16:00:00+00:00
26,maribor,NICEHASH - C. PROLETARSKIH BRIGAD,C. PROLETARSKIH BRIGAD 71,"{'lat': 46.543986, 'lng': 15.629317}",False,False,20,2,18,OPEN,2024-04-20 16:00:00+00:00
23,maribor,LJUBLJANSKA UL. - FOCHEVA,LJUBLJANSKA 41,"{'lat': 46.545947, 'lng': 15.644015}",False,False,20,12,8,OPEN,2024-04-20 16:00:00+00:00
27,maribor,JHMB – DVOETAŽNI MOST,Cesta XIV. divizije,"{'lat': 46.554741, 'lng': 15.659814}",False,False,20,13,7,OPEN,2024-04-20 16:00:00+00:00
18,maribor,LIDL - KOROŠKA C.,Koroška cesta 173,"{'lat': 46.565603, 'lng': 15.623133}",False,False,20,19,1,OPEN,2024-04-20 16:00:00+00:00
11,maribor,PARTIZANSKA C. - CANKARJEVA UL.,Partizanska c. 13,"{'lat': 46.56056, 'lng': 15.652935}",False,False,20,1,19,OPEN,2024-04-20 16:00:00+00:00
24,maribor,"VZAJEMNA, VARUH ZDRAVJA - BETNAVSKA C.",Betnavska c. 83,"{'lat': 46.54199, 'lng': 15.63831}",False,False,20,5,15,OPEN,2024-04-20 22:00:00+00:00
10,maribor,TELEMACH - GLAVNI TRG - STARI PERON,Glavni trg 20,"{'lat': 46.557328, 'lng': 15.646833}",False,False,20,13,7,OPEN,2024-04-20 22:00:00+00:00
9,maribor,NKBM - TRG LEONA ŠTUKLJA,Ulica slovenske osamosvojitve 5,"{'lat': 46.558519, 'lng': 15.649072}",False,False,20,15,5,OPEN,2024-04-20 22:00:00+00:00
13,maribor,PARTIZANSKA C. - ŽELEZNIŠKA POSTAJA,Partizanska cesta 46-48,"{'lat': 46.561555, 'lng': 15.65692}",False,False,20,19,1,OPEN,2024-04-20 22:00:00+00:00
20,maribor,EUROPARK - POBREŠKA C.,Pobreška cesta 18,"{'lat': 46.554703, 'lng': 15.652826}",False,False,21,6,15,OPEN,2024-04-20 22:00:00+00:00
4,maribor,STROSSMAYERJEVA UL. - TRŽNICA,Strossmayerjeva ulica 3,"{'lat': 46.558498, 'lng': 15.64146}",False,False,20,13,7,OPEN,2024-04-20 22:00:00+00:00
1,maribor,GOSPOSVETSKA C. - TURNERJEVA UL.,Gosposvetska cesta 69,"{'lat': 46.562695, 'lng': 15.62935}",False,False,22,0,22,OPEN,2024-04-20 22:00:00+00:00
16,maribor,KOROŠKA C. - KOROŠKI VETER,Koroška cesta 74,"{'lat': 46.559319, 'lng': 15.63498}",False,False,20,15,5,OPEN,2024-04-20 22:00:00+00:00
3,maribor,GOSPOSVETSKA C. - III. GIMNAZIJA,Gosposvetska cesta 4,"{'lat': 46.560761, 'lng': 15.64053}",False,False,20,17,3,OPEN,2024-04-20 22:00:00+00:00
21,maribor,GORKEGA UL. - OŠ FRANCETA PREŠERNA,Gorkega ulica 32,"{'lat': 46.550683, 'lng': 15.639333}",False,False,20,13,7,OPEN,2024-04-20 22:00:00+00:00
6,maribor,POŠTA - SLOMŠKOV TRG,Slomškov trg 10,"{'lat': 46.558924, 'lng': 15.644443}",False,False,20,8,12,OPEN,2024-04-20 22:00:00+00:00
22,maribor,DVORANA TABOR,Gorkega ulica 48,"{'lat': 46.549005, 'lng': 15.635014}",False,False,20,20,0,OPEN,2024-04-20 22:00:00+00:00
14,maribor,ULICA MOŠE PIJADA - UKC,Ulica Moše Pijada 6,"{'lat': 46.552652, 'lng': 15.646023}",False,False,20,17,3,OPEN,2024-04-20 22:00:00+00:00
19,maribor,LIDL - TITOVA C.,Titova cesta 15,"{'lat': 46.551963, 'lng': 15.651564}",False,False,20,20,0,OPEN,2024-04-20 22:00:00+00:00
25,maribor,SPAR - TRŽNICA TABOR,Kardeljeva c. 55,"{'lat': 46.542655, 'lng': 15.634329}",False,False,20,9,11,OPEN,2024-04-20 22:00:00+00:00
17,maribor,NA POLJANAH - HEROJA ŠERCERJA,NA POLJANAH 53,"{'lat': 46.553109, 'lng': 15.624098}",False,False,20,12,8,OPEN,2024-04-20 22:00:00+00:00
28,maribor,UM FGPA - LENT - SODNI STOLP,Pristan 6,"{'lat': 46.556731, 'lng': 15.64212}",False,False,20,0,20,OPEN,2024-04-20 22:00:00+00:00
8,maribor,RAZLAGOVA UL. - OBČINA,Razlagova ulica 1,"{'lat': 46.56196, 'lng': 15.650235}",False,False,20,18,2,OPEN,2024-04-20 22:00:00+00:00
7,maribor,PARTIZANSKA C. - TIC,Partizanska cesta 6a,"{'lat': 46.560227, 'lng': 15.650781}",False,False,20,3,17,OPEN,2024-04-20 22:00:00+00:00
2,maribor,GOSPOSVETSKA C. - VRBANSKA C.,Gosposvetska cesta 20,"{'lat': 46.561422, 'lng': 15.637118}",False,False,22,20,2,OPEN,2024-04-20 22:00:00+00:00
5,maribor,MLADINSKA UL. - TRUBARJEVA UL.,Mladinska ulica 15,"{'lat': 46.56294, 'lng': 15.644185}",False,False,16,10,6,OPEN,2024-04-20 22:00:00+00:00
12,maribor,MLINSKA UL . - AVTOBUSNA POSTAJA,Mlinska ulica 24,"{'lat': 46.558534, 'lng': 15.654739}",False,False,20,9,11,OPEN,2024-04-20 22:00:00+00:00
29,maribor,PETROL – LENT – VODNI STOLP,Usnjarska ulica 5,"{'lat': 46.556534, 'lng': 15.647629}",False,False,20,6,14,OPEN,2024-04-20 22:00:00+00:00
15,maribor,LJUBLJANSKA UL. - II. GIMNAZIJA,Ljubljanska ul. 30-25,"{'lat': 46.548853, 'lng': 15.645591}",False,False,20,15,5,OPEN,2024-04-20 22:00:00+00:00
26,maribor,NICEHASH - C. PROLETARSKIH BRIGAD,C. PROLETARSKIH BRIGAD 71,"{'lat': 46.543986, 'lng': 15.629317}",False,False,20,4,16,OPEN,2024-04-20 22:00:00+00:00
23,maribor,LJUBLJANSKA UL. - FOCHEVA,LJUBLJANSKA 41,"{'lat': 46.545947, 'lng': 15.644015}",False,False,20,11,9,OPEN,2024-04-20 22:00:00+00:00
27,maribor,JHMB – DVOETAŽNI MOST,Cesta XIV. divizije,"{'lat': 46.554741, 'lng': 15.659814}",False,False,20,9,11,OPEN,2024-04-20 22:00:00+00:00
18,maribor,LIDL - KOROŠKA C.,Koroška cesta 173,"{'lat': 46.565603, 'lng': 15.623133}",False,False,20,3,17,OPEN,2024-04-20 22:00:00+00:00
11,maribor,PARTIZANSKA C. - CANKARJEVA UL.,Partizanska c. 13,"{'lat': 46.56056, 'lng': 15.652935}",False,False,20,3,17,OPEN,2024-04-20 22:00:00+00:00
24,maribor,"VZAJEMNA, VARUH ZDRAVJA - BETNAVSKA C.",Betnavska c. 83,"{'lat': 46.54199, 'lng': 15.63831}",False,False,20,3,17,OPEN,2024-04-20 23:00:00+00:00
10,maribor,TELEMACH - GLAVNI TRG - STARI PERON,Glavni trg 20,"{'lat': 46.557328, 'lng': 15.646833}",False,False,20,15,5,OPEN,2024-04-20 23:00:00+00:00
9,maribor,NKBM - TRG LEONA ŠTUKLJA,Ulica slovenske osamosvojitve 5,"{'lat': 46.558519, 'lng': 15.649072}",False,False,20,15,5,OPEN,2024-04-20 23:00:00+00:00
13,maribor,PARTIZANSKA C. - ŽELEZNIŠKA POSTAJA,Partizanska cesta 46-48,"{'lat': 46.561555, 'lng': 15.65692}",False,False,20,20,0,OPEN,2024-04-20 23:00:00+00:00
20,maribor,EUROPARK - POBREŠKA C.,Pobreška cesta 18,"{'lat': 46.554703, 'lng': 15.652826}",False,False,21,6,15,OPEN,2024-04-20 23:00:00+00:00
4,maribor,STROSSMAYERJEVA UL. - TRŽNICA,Strossmayerjeva ulica 3,"{'lat': 46.558498, 'lng': 15.64146}",False,False,20,14,6,OPEN,2024-04-20 23:00:00+00:00
1,maribor,GOSPOSVETSKA C. - TURNERJEVA UL.,Gosposvetska cesta 69,"{'lat': 46.562695, 'lng': 15.62935}",False,False,22,0,22,OPEN,2024-04-20 23:00:00+00:00
16,maribor,KOROŠKA C. - KOROŠKI VETER,Koroška cesta 74,"{'lat': 46.559319, 'lng': 15.63498}",False,False,20,13,7,OPEN,2024-04-20 23:00:00+00:00
3,maribor,GOSPOSVETSKA C. - III. GIMNAZIJA,Gosposvetska cesta 4,"{'lat': 46.560761, 'lng': 15.64053}",False,False,20,18,2,OPEN,2024-04-20 23:00:00+00:00
21,maribor,GORKEGA UL. - OŠ FRANCETA PREŠERNA,Gorkega ulica 32,"{'lat': 46.550683, 'lng': 15.639333}",False,False,20,13,7,OPEN,2024-04-20 23:00:00+00:00
6,maribor,POŠTA - SLOMŠKOV TRG,Slomškov trg 10,"{'lat': 46.558924, 'lng': 15.644443}",False,False,20,10,10,OPEN,2024-04-20 23:00:00+00:00
22,maribor,DVORANA TABOR,Gorkega ulica 48,"{'lat': 46.549005, 'lng': 15.635014}",False,False,20,20,0,OPEN,2024-04-20 23:00:00+00:00
14,maribor,ULICA MOŠE PIJADA - UKC,Ulica Moše Pijada 6,"{'lat': 46.552652, 'lng': 15.646023}",False,False,20,17,3,OPEN,2024-04-20 23:00:00+00:00
19,maribor,LIDL - TITOVA C.,Titova cesta 15,"{'lat': 46.551963, 'lng': 15.651564}",False,False,20,20,0,OPEN,2024-04-20 23:00:00+00:00
25,maribor,SPAR - TRŽNICA TABOR,Kardeljeva c. 55,"{'lat': 46.542655, 'lng': 15.634329}",False,False,20,12,8,OPEN,2024-04-20 23:00:00+00:00
17,maribor,NA POLJANAH - HEROJA ŠERCERJA,NA POLJANAH 53,"{'lat': 46.553109, 'lng': 15.624098}",False,False,20,9,11,OPEN,2024-04-20 23:00:00+00:00
28,maribor,UM FGPA - LENT - SODNI STOLP,Pristan 6,"{'lat': 46.556731, 'lng': 15.64212}",False,False,20,0,20,OPEN,2024-04-20 23:00:00+00:00
8,maribor,RAZLAGOVA UL. - OBČINA,Razlagova ulica 1,"{'lat': 46.56196, 'lng': 15.650235}",False,False,20,20,0,OPEN,2024-04-20 23:00:00+00:00
7,maribor,PARTIZANSKA C. - TIC,Partizanska cesta 6a,"{'lat': 46.560227, 'lng': 15.650781}",False,False,20,3,17,OPEN,2024-04-20 23:00:00+00:00
2,maribor,GOSPOSVETSKA C. - VRBANSKA C.,Gosposvetska cesta 20,"{'lat': 46.561422, 'lng': 15.637118}",False,False,22,15,7,OPEN,2024-04-20 23:00:00+00:00
5,maribor,MLADINSKA UL. - TRUBARJEVA UL.,Mladinska ulica 15,"{'lat': 46.56294, 'lng': 15.644185}",False,False,16,10,6,OPEN,2024-04-20 23:00:00+00:00
12,maribor,MLINSKA UL . - AVTOBUSNA POSTAJA,Mlinska ulica 24,"{'lat': 46.558534, 'lng': 15.654739}",False,False,20,9,11,OPEN,2024-04-20 23:00:00+00:00
29,maribor,PETROL – LENT – VODNI STOLP,Usnjarska ulica 5,"{'lat': 46.556534, 'lng': 15.647629}",False,False,20,6,14,OPEN,2024-04-20 23:00:00+00:00
15,maribor,LJUBLJANSKA UL. - II. GIMNAZIJA,Ljubljanska ul. 30-25,"{'lat': 46.548853, 'lng': 15.645591}",False,False,20,15,5,OPEN,2024-04-20 23:00:00+00:00
26,maribor,NICEHASH - C. PROLETARSKIH BRIGAD,C. PROLETARSKIH BRIGAD 71,"{'lat': 46.543986, 'lng': 15.629317}",False,False,20,4,16,OPEN,2024-04-20 23:00:00+00:00
23,maribor,LJUBLJANSKA UL. - FOCHEVA,LJUBLJANSKA 41,"{'lat': 46.545947, 'lng': 15.644015}",False,False,20,10,10,OPEN,2024-04-20 23:00:00+00:00
27,maribor,JHMB – DVOETAŽNI MOST,Cesta XIV. divizije,"{'lat': 46.554741, 'lng': 15.659814}",False,False,20,9,11,OPEN,2024-04-20 23:00:00+00:00
18,maribor,LIDL - KOROŠKA C.,Koroška cesta 173,"{'lat': 46.565603, 'lng': 15.623133}",False,False,20,2,18,OPEN,2024-04-20 23:00:00+00:00
11,maribor,PARTIZANSKA C. - CANKARJEVA UL.,Partizanska c. 13,"{'lat': 46.56056, 'lng': 15.652935}",False,False,20,4,16,OPEN,2024-04-20 23:00:00+00:00
24,maribor,"VZAJEMNA, VARUH ZDRAVJA - BETNAVSKA C.",Betnavska c. 83,"{'lat': 46.54199, 'lng': 15.63831}",False,False,20,2,18,OPEN,2024-04-21 01:00:00+00:00
10,maribor,TELEMACH - GLAVNI TRG - STARI PERON,Glavni trg 20,"{'lat': 46.557328, 'lng': 15.646833}",False,False,20,14,6,OPEN,2024-04-21 01:00:00+00:00
9,maribor,NKBM - TRG LEONA ŠTUKLJA,Ulica slovenske osamosvojitve 5,"{'lat': 46.558519, 'lng': 15.649072}",False,False,20,15,5,OPEN,2024-04-21 01:00:00+00:00
13,maribor,PARTIZANSKA C. - ŽELEZNIŠKA POSTAJA,Partizanska cesta 46-48,"{'lat': 46.561555, 'lng': 15.65692}",False,False,20,20,0,OPEN,2024-04-21 01:00:00+00:00
20,maribor,EUROPARK - POBREŠKA C.,Pobreška cesta 18,"{'lat': 46.554703, 'lng': 15.652826}",False,False,21,6,15,OPEN,2024-04-21 01:00:00+00:00
4,maribor,STROSSMAYERJEVA UL. - TRŽNICA,Strossmayerjeva ulica 3,"{'lat': 46.558498, 'lng': 15.64146}",False,False,20,13,7,OPEN,2024-04-21 01:00:00+00:00
1,maribor,GOSPOSVETSKA C. - TURNERJEVA UL.,Gosposvetska cesta 69,"{'lat': 46.562695, 'lng': 15.62935}",False,False,22,10,12,OPEN,2024-04-21 01:00:00+00:00
16,maribor,KOROŠKA C. - KOROŠKI VETER,Koroška cesta 74,"{'lat': 46.559319, 'lng': 15.63498}",False,False,20,9,11,OPEN,2024-04-21 01:00:00+00:00
3,maribor,GOSPOSVETSKA C. - III. GIMNAZIJA,Gosposvetska cesta 4,"{'lat': 46.560761, 'lng': 15.64053}",False,False,20,18,2,OPEN,2024-04-21 01:00:00+00:00
21,maribor,GORKEGA UL. - OŠ FRANCETA PREŠERNA,Gorkega ulica 32,"{'lat': 46.550683, 'lng': 15.639333}",False,False,20,13,7,OPEN,2024-04-21 01:00:00+00:00
6,maribor,POŠTA - SLOMŠKOV TRG,Slomškov trg 10,"{'lat': 46.558924, 'lng': 15.644443}",False,False,20,11,9,OPEN,2024-04-21 01:00:00+00:00
22,maribor,DVORANA TABOR,Gorkega ulica 48,"{'lat': 46.549005, 'lng': 15.635014}",False,False,20,20,0,OPEN,2024-04-21 01:00:00+00:00
14,maribor,ULICA MOŠE PIJADA - UKC,Ulica Moše Pijada 6,"{'lat': 46.552652, 'lng': 15.646023}",False,False,20,17,3,OPEN,2024-04-21 01:00:00+00:00
19,maribor,LIDL - TITOVA C.,Titova cesta 15,"{'lat': 46.551963, 'lng': 15.651564}",False,False,20,20,0,OPEN,2024-04-21 01:00:00+00:00
25,maribor,SPAR - TRŽNICA TABOR,Kardeljeva c. 55,"{'lat': 46.542655, 'lng': 15.634329}",False,False,20,12,8,OPEN,2024-04-21 01:00:00+00:00
17,maribor,NA POLJANAH - HEROJA ŠERCERJA,NA POLJANAH 53,"{'lat': 46.553109, 'lng': 15.624098}",False,False,20,10,10,OPEN,2024-04-21 01:00:00+00:00
28,maribor,UM FGPA - LENT - SODNI STOLP,Pristan 6,"{'lat': 46.556731, 'lng': 15.64212}",False,False,20,0,20,OPEN,2024-04-21 01:00:00+00:00
8,maribor,RAZLAGOVA UL. - OBČINA,Razlagova ulica 1,"{'lat': 46.56196, 'lng': 15.650235}",False,False,20,16,4,OPEN,2024-04-21 01:00:00+00:00
7,maribor,PARTIZANSKA C. - TIC,Partizanska cesta 6a,"{'lat': 46.560227, 'lng': 15.650781}",False,False,20,3,17,OPEN,2024-04-21 01:00:00+00:00
2,maribor,GOSPOSVETSKA C. - VRBANSKA C.,Gosposvetska cesta 20,"{'lat': 46.561422, 'lng': 15.637118}",False,False,22,14,8,OPEN,2024-04-21 01:00:00+00:00
5,maribor,MLADINSKA UL. - TRUBARJEVA UL.,Mladinska ulica 15,"{'lat': 46.56294, 'lng': 15.644185}",False,False,16,9,7,OPEN,2024-04-21 01:00:00+00:00
12,maribor,MLINSKA UL . - AVTOBUSNA POSTAJA,Mlinska ulica 24,"{'lat': 46.558534, 'lng': 15.654739}",False,False,20,7,13,OPEN,2024-04-21 01:00:00+00:00
29,maribor,PETROL – LENT – VODNI STOLP,Usnjarska ulica 5,"{'lat': 46.556534, 'lng': 15.647629}",False,False,20,6,14,OPEN,2024-04-21 01:00:00+00:00
15,maribor,LJUBLJANSKA UL. - II. GIMNAZIJA,Ljubljanska ul. 30-25,"{'lat': 46.548853, 'lng': 15.645591}",False,False,20,14,6,OPEN,2024-04-21 01:00:00+00:00
26,maribor,NICEHASH - C. PROLETARSKIH BRIGAD,C. PROLETARSKIH BRIGAD 71,"{'lat': 46.543986, 'lng': 15.629317}",False,False,20,4,16,OPEN,2024-04-21 01:00:00+00:00
23,maribor,LJUBLJANSKA UL. - FOCHEVA,LJUBLJANSKA 41,"{'lat': 46.545947, 'lng': 15.644015}",False,False,20,10,10,OPEN,2024-04-21 01:00:00+00:00
27,maribor,JHMB – DVOETAŽNI MOST,Cesta XIV. divizije,"{'lat': 46.554741, 'lng': 15.659814}",False,False,20,9,11,OPEN,2024-04-21 01:00:00+00:00
18,maribor,LIDL - KOROŠKA C.,Koroška cesta 173,"{'lat': 46.565603, 'lng': 15.623133}",False,False,20,2,18,OPEN,2024-04-21 01:00:00+00:00
11,maribor,PARTIZANSKA C. - CANKARJEVA UL.,Partizanska c. 13,"{'lat': 46.56056, 'lng': 15.652935}",False,False,20,6,14,OPEN,2024-04-21 01:00:00+00:00
24,maribor,"VZAJEMNA, VARUH ZDRAVJA - BETNAVSKA C.",Betnavska c. 83,"{'lat': 46.54199, 'lng': 15.63831}",False,False,20,2,18,OPEN,2024-04-21 02:00:00+00:00
10,maribor,TELEMACH - GLAVNI TRG - STARI PERON,Glavni trg 20,"{'lat': 46.557328, 'lng': 15.646833}",False,False,20,15,5,OPEN,2024-04-21 02:00:00+00:00
9,maribor,NKBM - TRG LEONA ŠTUKLJA,Ulica slovenske osamosvojitve 5,"{'lat': 46.558519, 'lng': 15.649072}",False,False,20,15,5,OPEN,2024-04-21 02:00:00+00:00
13,maribor,PARTIZANSKA C. - ŽELEZNIŠKA POSTAJA,Partizanska cesta 46-48,"{'lat': 46.561555, 'lng': 15.65692}",False,False,20,19,1,OPEN,2024-04-21 02:00:00+00:00
20,maribor,EUROPARK - POBREŠKA C.,Pobreška cesta 18,"{'lat': 46.554703, 'lng': 15.652826}",False,False,21,6,15,OPEN,2024-04-21 02:00:00+00:00
4,maribor,STROSSMAYERJEVA UL. - TRŽNICA,Strossmayerjeva ulica 3,"{'lat': 46.558498, 'lng': 15.64146}",False,False,20,13,7,OPEN,2024-04-21 02:00:00+00:00
1,maribor,GOSPOSVETSKA C. - TURNERJEVA UL.,Gosposvetska cesta 69,"{'lat': 46.562695, 'lng': 15.62935}",False,False,22,8,14,OPEN,2024-04-21 02:00:00+00:00
16,maribor,KOROŠKA C. - KOROŠKI VETER,Koroška cesta 74,"{'lat': 46.559319, 'lng': 15.63498}",False,False,20,9,11,OPEN,2024-04-21 02:00:00+00:00
3,maribor,GOSPOSVETSKA C. - III. GIMNAZIJA,Gosposvetska cesta 4,"{'lat': 46.560761, 'lng': 15.64053}",False,False,20,18,2,OPEN,2024-04-21 02:00:00+00:00
21,maribor,GORKEGA UL. - OŠ FRANCETA PREŠERNA,Gorkega ulica 32,"{'lat': 46.550683, 'lng': 15.639333}",False,False,20,12,8,OPEN,2024-04-21 02:00:00+00:00
6,maribor,POŠTA - SLOMŠKOV TRG,Slomškov trg 10,"{'lat': 46.558924, 'lng': 15.644443}",False,False,20,13,7,OPEN,2024-04-21 02:00:00+00:00
22,maribor,DVORANA TABOR,Gorkega ulica 48,"{'lat': 46.549005, 'lng': 15.635014}",False,False,20,20,0,OPEN,2024-04-21 02:00:00+00:00
14,maribor,ULICA MOŠE PIJADA - UKC,Ulica Moše Pijada 6,"{'lat': 46.552652, 'lng': 15.646023}",False,False,20,17,3,OPEN,2024-04-21 02:00:00+00:00
19,maribor,LIDL - TITOVA C.,Titova cesta 15,"{'lat': 46.551963, 'lng': 15.651564}",False,False,20,20,0,OPEN,2024-04-21 02:00:00+00:00
25,maribor,SPAR - TRŽNICA TABOR,Kardeljeva c. 55,"{'lat': 46.542655, 'lng': 15.634329}",False,False,20,12,8,OPEN,2024-04-21 02:00:00+00:00
17,maribor,NA POLJANAH - HEROJA ŠERCERJA,NA POLJANAH 53,"{'lat': 46.553109, 'lng': 15.624098}",False,False,20,10,10,OPEN,2024-04-21 02:00:00+00:00
28,maribor,UM FGPA - LENT - SODNI STOLP,Pristan 6,"{'lat': 46.556731, 'lng': 15.64212}",False,False,20,0,20,OPEN,2024-04-21 02:00:00+00:00
8,maribor,RAZLAGOVA UL. - OBČINA,Razlagova ulica 1,"{'lat': 46.56196, 'lng': 15.650235}",False,False,20,16,4,OPEN,2024-04-21 02:00:00+00:00
7,maribor,PARTIZANSKA C. - TIC,Partizanska cesta 6a,"{'lat': 46.560227, 'lng': 15.650781}",False,False,20,4,16,OPEN,2024-04-21 02:00:00+00:00
2,maribor,GOSPOSVETSKA C. - VRBANSKA C.,Gosposvetska cesta 20,"{'lat': 46.561422, 'lng': 15.637118}",False,False,22,14,8,OPEN,2024-04-21 02:00:00+00:00
5,maribor,MLADINSKA UL. - TRUBARJEVA UL.,Mladinska ulica 15,"{'lat': 46.56294, 'lng': 15.644185}",False,False,16,8,8,OPEN,2024-04-21 02:00:00+00:00
12,maribor,MLINSKA UL . - AVTOBUSNA POSTAJA,Mlinska ulica 24,"{'lat': 46.558534, 'lng': 15.654739}",False,False,20,10,10,OPEN,2024-04-21 02:00:00+00:00
29,maribor,PETROL – LENT – VODNI STOLP,Usnjarska ulica 5,"{'lat': 46.556534, 'lng': 15.647629}",False,False,20,6,14,OPEN,2024-04-21 02:00:00+00:00
15,maribor,LJUBLJANSKA UL. - II. GIMNAZIJA,Ljubljanska ul. 30-25,"{'lat': 46.548853, 'lng': 15.645591}",False,False,20,14,6,OPEN,2024-04-21 02:00:00+00:00
26,maribor,NICEHASH - C. PROLETARSKIH BRIGAD,C. PROLETARSKIH BRIGAD 71,"{'lat': 46.543986, 'lng': 15.629317}",False,False,20,4,16,OPEN,2024-04-21 02:00:00+00:00
23,maribor,LJUBLJANSKA UL. - FOCHEVA,LJUBLJANSKA 41,"{'lat': 46.545947, 'lng': 15.644015}",False,False,20,9,11,OPEN,2024-04-21 02:00:00+00:00
27,maribor,JHMB – DVOETAŽNI MOST,Cesta XIV. divizije,"{'lat': 46.554741, 'lng': 15.659814}",False,False,20,9,11,OPEN,2024-04-21 02:00:00+00:00
18,maribor,LIDL - KOROŠKA C.,Koroška cesta 173,"{'lat': 46.565603, 'lng': 15.623133}",False,False,20,2,18,OPEN,2024-04-21 02:00:00+00:00
11,maribor,PARTIZANSKA C. - CANKARJEVA UL.,Partizanska c. 13,"{'lat': 46.56056, 'lng': 15.652935}",False,False,20,5,15,OPEN,2024-04-21 02:00:00+00:00
24,maribor,"VZAJEMNA, VARUH ZDRAVJA - BETNAVSKA C.",Betnavska c. 83,"{'lat': 46.54199, 'lng': 15.63831}",False,False,20,2,18,OPEN,2024-04-21 02:00:00+00:00
10,maribor,TELEMACH - GLAVNI TRG - STARI PERON,Glavni trg 20,"{'lat': 46.557328, 'lng': 15.646833}",False,False,20,15,5,OPEN,2024-04-21 02:00:00+00:00
9,maribor,NKBM - TRG LEONA ŠTUKLJA,Ulica slovenske osamosvojitve 5,"{'lat': 46.558519, 'lng': 15.649072}",False,False,20,15,5,OPEN,2024-04-21 02:00:00+00:00
13,maribor,PARTIZANSKA C. - ŽELEZNIŠKA POSTAJA,Partizanska cesta 46-48,"{'lat': 46.561555, 'lng': 15.65692}",False,False,20,18,2,OPEN,2024-04-21 02:00:00+00:00
20,maribor,EUROPARK - POBREŠKA C.,Pobreška cesta 18,"{'lat': 46.554703, 'lng': 15.652826}",False,False,21,6,15,OPEN,2024-04-21 02:00:00+00:00
4,maribor,STROSSMAYERJEVA UL. - TRŽNICA,Strossmayerjeva ulica 3,"{'lat': 46.558498, 'lng': 15.64146}",False,False,20,13,7,OPEN,2024-04-21 02:00:00+00:00
1,maribor,GOSPOSVETSKA C. - TURNERJEVA UL.,Gosposvetska cesta 69,"{'lat': 46.562695, 'lng': 15.62935}",False,False,22,10,12,OPEN,2024-04-21 02:00:00+00:00
16,maribor,KOROŠKA C. - KOROŠKI VETER,Koroška cesta 74,"{'lat': 46.559319, 'lng': 15.63498}",False,False,20,9,11,OPEN,2024-04-21 02:00:00+00:00
3,maribor,GOSPOSVETSKA C. - III. GIMNAZIJA,Gosposvetska cesta 4,"{'lat': 46.560761, 'lng': 15.64053}",False,False,20,18,2,OPEN,2024-04-21 02:00:00+00:00
21,maribor,GORKEGA UL. - OŠ FRANCETA PREŠERNA,Gorkega ulica 32,"{'lat': 46.550683, 'lng': 15.639333}",False,False,20,12,8,OPEN,2024-04-21 02:00:00+00:00
6,maribor,POŠTA - SLOMŠKOV TRG,Slomškov trg 10,"{'lat': 46.558924, 'lng': 15.644443}",False,False,20,13,7,OPEN,2024-04-21 02:00:00+00:00
22,maribor,DVORANA TABOR,Gorkega ulica 48,"{'lat': 46.549005, 'lng': 15.635014}",False,False,20,20,0,OPEN,2024-04-21 02:00:00+00:00
14,maribor,ULICA MOŠE PIJADA - UKC,Ulica Moše Pijada 6,"{'lat': 46.552652, 'lng': 15.646023}",False,False,20,16,4,OPEN,2024-04-21 02:00:00+00:00
19,maribor,LIDL - TITOVA C.,Titova cesta 15,"{'lat': 46.551963, 'lng': 15.651564}",False,False,20,20,0,OPEN,2024-04-21 02:00:00+00:00
25,maribor,SPAR - TRŽNICA TABOR,Kardeljeva c. 55,"{'lat': 46.542655, 'lng': 15.634329}",False,False,20,12,8,OPEN,2024-04-21 02:00:00+00:00
17,maribor,NA POLJANAH - HEROJA ŠERCERJA,NA POLJANAH 53,"{'lat': 46.553109, 'lng': 15.624098}",False,False,20,10,10,OPEN,2024-04-21 02:00:00+00:00
28,maribor,UM FGPA - LENT - SODNI STOLP,Pristan 6,"{'lat': 46.556731, 'lng': 15.64212}",False,False,20,0,20,OPEN,2024-04-21 02:00:00+00:00
8,maribor,RAZLAGOVA UL. - OBČINA,Razlagova ulica 1,"{'lat': 46.56196, 'lng': 15.650235}",False,False,20,16,4,OPEN,2024-04-21 02:00:00+00:00
7,maribor,PARTIZANSKA C. - TIC,Partizanska cesta 6a,"{'lat': 46.560227, 'lng': 15.650781}",False,False,20,4,16,OPEN,2024-04-21 02:00:00+00:00
2,maribor,GOSPOSVETSKA C. - VRBANSKA C.,Gosposvetska cesta 20,"{'lat': 46.561422, 'lng': 15.637118}",False,False,22,15,7,OPEN,2024-04-21 02:00:00+00:00
5,maribor,MLADINSKA UL. - TRUBARJEVA UL.,Mladinska ulica 15,"{'lat': 46.56294, 'lng': 15.644185}",False,False,16,8,8,OPEN,2024-04-21 02:00:00+00:00
12,maribor,MLINSKA UL . - AVTOBUSNA POSTAJA,Mlinska ulica 24,"{'lat': 46.558534, 'lng': 15.654739}",False,False,20,11,9,OPEN,2024-04-21 02:00:00+00:00
29,maribor,PETROL – LENT – VODNI STOLP,Usnjarska ulica 5,"{'lat': 46.556534, 'lng': 15.647629}",False,False,20,6,14,OPEN,2024-04-21 02:00:00+00:00
15,maribor,LJUBLJANSKA UL. - II. GIMNAZIJA,Ljubljanska ul. 30-25,"{'lat': 46.548853, 'lng': 15.645591}",False,False,20,14,6,OPEN,2024-04-21 02:00:00+00:00
26,maribor,NICEHASH - C. PROLETARSKIH BRIGAD,C. PROLETARSKIH BRIGAD 71,"{'lat': 46.543986, 'lng': 15.629317}",False,False,20,4,16,OPEN,2024-04-21 02:00:00+00:00
23,maribor,LJUBLJANSKA UL. - FOCHEVA,LJUBLJANSKA 41,"{'lat': 46.545947, 'lng': 15.644015}",False,False,20,8,12,OPEN,2024-04-21 02:00:00+00:00
27,maribor,JHMB – DVOETAŽNI MOST,Cesta XIV. divizije,"{'lat': 46.554741, 'lng': 15.659814}",False,False,20,9,11,OPEN,2024-04-21 02:00:00+00:00
18,maribor,LIDL - KOROŠKA C.,Koroška cesta 173,"{'lat': 46.565603, 'lng': 15.623133}",False,False,20,2,18,OPEN,2024-04-21 02:00:00+00:00
11,maribor,PARTIZANSKA C. - CANKARJEVA UL.,Partizanska c. 13,"{'lat': 46.56056, 'lng': 15.652935}",False,False,20,5,15,OPEN,2024-04-21 02:00:00+00:00
24,maribor,"VZAJEMNA, VARUH ZDRAVJA - BETNAVSKA C.",Betnavska c. 83,"{'lat': 46.54199, 'lng': 15.63831}",False,False,20,2,18,OPEN,2024-04-21 03:00:00+00:00
10,maribor,TELEMACH - GLAVNI TRG - STARI PERON,Glavni trg 20,"{'lat': 46.557328, 'lng': 15.646833}",False,False,20,15,5,OPEN,2024-04-21 03:00:00+00:00
9,maribor,NKBM - TRG LEONA ŠTUKLJA,Ulica slovenske osamosvojitve 5,"{'lat': 46.558519, 'lng': 15.649072}",False,False,20,15,5,OPEN,2024-04-21 03:00:00+00:00
13,maribor,PARTIZANSKA C. - ŽELEZNIŠKA POSTAJA,Partizanska cesta 46-48,"{'lat': 46.561555, 'lng': 15.65692}",False,False,20,18,2,OPEN,2024-04-21 03:00:00+00:00
20,maribor,EUROPARK - POBREŠKA C.,Pobreška cesta 18,"{'lat': 46.554703, 'lng': 15.652826}",False,False,21,6,15,OPEN,2024-04-21 03:00:00+00:00
4,maribor,STROSSMAYERJEVA UL. - TRŽNICA,Strossmayerjeva ulica 3,"{'lat': 46.558498, 'lng': 15.64146}",False,False,20,13,7,OPEN,2024-04-21 03:00:00+00:00
1,maribor,GOSPOSVETSKA C. - TURNERJEVA UL.,Gosposvetska cesta 69,"{'lat': 46.562695, 'lng': 15.62935}",False,False,22,14,8,OPEN,2024-04-21 03:00:00+00:00
16,maribor,KOROŠKA C. - KOROŠKI VETER,Koroška cesta 74,"{'lat': 46.559319, 'lng': 15.63498}",False,False,20,9,11,OPEN,2024-04-21 03:00:00+00:00
3,maribor,GOSPOSVETSKA C. - III. GIMNAZIJA,Gosposvetska cesta 4,"{'lat': 46.560761, 'lng': 15.64053}",False,False,20,18,2,OPEN,2024-04-21 03:00:00+00:00
21,maribor,GORKEGA UL. - OŠ FRANCETA PREŠERNA,Gorkega ulica 32,"{'lat': 46.550683, 'lng': 15.639333}",False,False,20,12,8,OPEN,2024-04-21 03:00:00+00:00
6,maribor,POŠTA - SLOMŠKOV TRG,Slomškov trg 10,"{'lat': 46.558924, 'lng': 15.644443}",False,False,20,13,7,OPEN,2024-04-21 03:00:00+00:00
22,maribor,DVORANA TABOR,Gorkega ulica 48,"{'lat': 46.549005, 'lng': 15.635014}",False,False,20,20,0,OPEN,2024-04-21 03:00:00+00:00
14,maribor,ULICA MOŠE PIJADA - UKC,Ulica Moše Pijada 6,"{'lat': 46.552652, 'lng': 15.646023}",False,False,20,16,4,OPEN,2024-04-21 03:00:00+00:00
19,maribor,LIDL - TITOVA C.,Titova cesta 15,"{'lat': 46.551963, 'lng': 15.651564}",False,False,20,20,0,OPEN,2024-04-21 03:00:00+00:00
25,maribor,SPAR - TRŽNICA TABOR,Kardeljeva c. 55,"{'lat': 46.542655, 'lng': 15.634329}",False,False,20,12,8,OPEN,2024-04-21 03:00:00+00:00
17,maribor,NA POLJANAH - HEROJA ŠERCERJA,NA POLJANAH 53,"{'lat': 46.553109, 'lng': 15.624098}",False,False,20,10,10,OPEN,2024-04-21 03:00:00+00:00
28,maribor,UM FGPA - LENT - SODNI STOLP,Pristan 6,"{'lat': 46.556731, 'lng': 15.64212}",False,False,20,0,20,OPEN,2024-04-21 03:00:00+00:00
8,maribor,RAZLAGOVA UL. - OBČINA,Razlagova ulica 1,"{'lat': 46.56196, 'lng': 15.650235}",False,False,20,16,4,OPEN,2024-04-21 03:00:00+00:00
7,maribor,PARTIZANSKA C. - TIC,Partizanska cesta 6a,"{'lat': 46.560227, 'lng': 15.650781}",False,False,20,4,16,OPEN,2024-04-21 03:00:00+00:00
2,maribor,GOSPOSVETSKA C. - VRBANSKA C.,Gosposvetska cesta 20,"{'lat': 46.561422, 'lng': 15.637118}",False,False,22,15,7,OPEN,2024-04-21 03:00:00+00:00
5,maribor,MLADINSKA UL. - TRUBARJEVA UL.,Mladinska ulica 15,"{'lat': 46.56294, 'lng': 15.644185}",False,False,16,8,8,OPEN,2024-04-21 03:00:00+00:00
12,maribor,MLINSKA UL . - AVTOBUSNA POSTAJA,Mlinska ulica 24,"{'lat': 46.558534, 'lng': 15.654739}",False,False,20,11,9,OPEN,2024-04-21 03:00:00+00:00
29,maribor,PETROL – LENT – VODNI STOLP,Usnjarska ulica 5,"{'lat': 46.556534, 'lng': 15.647629}",False,False,20,6,14,OPEN,2024-04-21 03:00:00+00:00
15,maribor,LJUBLJANSKA UL. - II. GIMNAZIJA,Ljubljanska ul. 30-25,"{'lat': 46.548853, 'lng': 15.645591}",False,False,20,14,6,OPEN,2024-04-21 03:00:00+00:00
26,maribor,NICEHASH - C. PROLETARSKIH BRIGAD,C. PROLETARSKIH BRIGAD 71,"{'lat': 46.543986, 'lng': 15.629317}",False,False,20,4,16,OPEN,2024-04-21 03:00:00+00:00
23,maribor,LJUBLJANSKA UL. - FOCHEVA,LJUBLJANSKA 41,"{'lat': 46.545947, 'lng': 15.644015}",False,False,20,8,12,OPEN,2024-04-21 03:00:00+00:00
27,maribor,JHMB – DVOETAŽNI MOST,Cesta XIV. divizije,"{'lat': 46.554741, 'lng': 15.659814}",False,False,20,9,11,OPEN,2024-04-21 03:00:00+00:00
18,maribor,LIDL - KOROŠKA C.,Koroška cesta 173,"{'lat': 46.565603, 'lng': 15.623133}",False,False,20,2,18,OPEN,2024-04-21 03:00:00+00:00
11,maribor,PARTIZANSKA C. - CANKARJEVA UL.,Partizanska c. 13,"{'lat': 46.56056, 'lng': 15.652935}",False,False,20,4,16,OPEN,2024-04-21 03:00:00+00:00
24,maribor,"VZAJEMNA, VARUH ZDRAVJA - BETNAVSKA C.",Betnavska c. 83,"{'lat': 46.54199, 'lng': 15.63831}",False,False,20,2,18,OPEN,2024-04-21 04:00:00+00:00
10,maribor,TELEMACH - GLAVNI TRG - STARI PERON,Glavni trg 20,"{'lat': 46.557328, 'lng': 15.646833}",False,False,20,13,7,OPEN,2024-04-21 04:00:00+00:00
9,maribor,NKBM - TRG LEONA ŠTUKLJA,Ulica slovenske osamosvojitve 5,"{'lat': 46.558519, 'lng': 15.649072}",False,False,20,14,6,OPEN,2024-04-21 04:00:00+00:00
13,maribor,PARTIZANSKA C. - ŽELEZNIŠKA POSTAJA,Partizanska cesta 46-48,"{'lat': 46.561555, 'lng': 15.65692}",False,False,20,18,2,OPEN,2024-04-21 04:00:00+00:00
20,maribor,EUROPARK - POBREŠKA C.,Pobreška cesta 18,"{'lat': 46.554703, 'lng': 15.652826}",False,False,21,6,15,OPEN,2024-04-21 04:00:00+00:00
4,maribor,STROSSMAYERJEVA UL. - TRŽNICA,Strossmayerjeva ulica 3,"{'lat': 46.558498, 'lng': 15.64146}",False,False,20,18,2,OPEN,2024-04-21 04:00:00+00:00
1,maribor,GOSPOSVETSKA C. - TURNERJEVA UL.,Gosposvetska cesta 69,"{'lat': 46.562695, 'lng': 15.62935}",False,False,22,19,3,OPEN,2024-04-21 04:00:00+00:00
16,maribor,KOROŠKA C. - KOROŠKI VETER,Koroška cesta 74,"{'lat': 46.559319, 'lng': 15.63498}",False,False,20,7,13,OPEN,2024-04-21 04:00:00+00:00
3,maribor,GOSPOSVETSKA C. - III. GIMNAZIJA,Gosposvetska cesta 4,"{'lat': 46.560761, 'lng': 15.64053}",False,False,20,18,2,OPEN,2024-04-21 04:00:00+00:00
21,maribor,GORKEGA UL. - OŠ FRANCETA PREŠERNA,Gorkega ulica 32,"{'lat': 46.550683, 'lng': 15.639333}",False,False,20,12,8,OPEN,2024-04-21 04:00:00+00:00
6,maribor,POŠTA - SLOMŠKOV TRG,Slomškov trg 10,"{'lat': 46.558924, 'lng': 15.644443}",False,False,20,13,7,OPEN,2024-04-21 04:00:00+00:00
22,maribor,DVORANA TABOR,Gorkega ulica 48,"{'lat': 46.549005, 'lng': 15.635014}",False,False,20,20,0,OPEN,2024-04-21 04:00:00+00:00
14,maribor,ULICA MOŠE PIJADA - UKC,Ulica Moše Pijada 6,"{'lat': 46.552652, 'lng': 15.646023}",False,False,20,17,3,OPEN,2024-04-21 04:00:00+00:00
19,maribor,LIDL - TITOVA C.,Titova cesta 15,"{'lat': 46.551963, 'lng': 15.651564}",False,False,20,20,0,OPEN,2024-04-21 04:00:00+00:00
25,maribor,SPAR - TRŽNICA TABOR,Kardeljeva c. 55,"{'lat': 46.542655, 'lng': 15.634329}",False,False,20,12,8,OPEN,2024-04-21 04:00:00+00:00
17,maribor,NA POLJANAH - HEROJA ŠERCERJA,NA POLJANAH 53,"{'lat': 46.553109, 'lng': 15.624098}",False,False,20,10,10,OPEN,2024-04-21 04:00:00+00:00
28,maribor,UM FGPA - LENT - SODNI STOLP,Pristan 6,"{'lat': 46.556731, 'lng': 15.64212}",False,False,20,0,20,OPEN,2024-04-21 04:00:00+00:00
8,maribor,RAZLAGOVA UL. - OBČINA,Razlagova ulica 1,"{'lat': 46.56196, 'lng': 15.650235}",False,False,20,15,5,OPEN,2024-04-21 04:00:00+00:00
7,maribor,PARTIZANSKA C. - TIC,Partizanska cesta 6a,"{'lat': 46.560227, 'lng': 15.650781}",False,False,20,4,16,OPEN,2024-04-21 04:00:00+00:00
2,maribor,GOSPOSVETSKA C. - VRBANSKA C.,Gosposvetska cesta 20,"{'lat': 46.561422, 'lng': 15.637118}",False,False,22,16,6,OPEN,2024-04-21 04:00:00+00:00
5,maribor,MLADINSKA UL. - TRUBARJEVA UL.,Mladinska ulica 15,"{'lat': 46.56294, 'lng': 15.644185}",False,False,16,7,9,OPEN,2024-04-21 04:00:00+00:00
12,maribor,MLINSKA UL . - AVTOBUSNA POSTAJA,Mlinska ulica 24,"{'lat': 46.558534, 'lng': 15.654739}",False,False,20,10,10,OPEN,2024-04-21 04:00:00+00:00
29,maribor,PETROL – LENT – VODNI STOLP,Usnjarska ulica 5,"{'lat': 46.556534, 'lng': 15.647629}",False,False,20,6,14,OPEN,2024-04-21 04:00:00+00:00
15,maribor,LJUBLJANSKA UL. - II. GIMNAZIJA,Ljubljanska ul. 30-25,"{'lat': 46.548853, 'lng': 15.645591}",False,False,20,14,6,OPEN,2024-04-21 04:00:00+00:00
26,maribor,NICEHASH - C. PROLETARSKIH BRIGAD,C. PROLETARSKIH BRIGAD 71,"{'lat': 46.543986, 'lng': 15.629317}",False,False,20,4,16,OPEN,2024-04-21 04:00:00+00:00
23,maribor,LJUBLJANSKA UL. - FOCHEVA,LJUBLJANSKA 41,"{'lat': 46.545947, 'lng': 15.644015}",False,False,20,7,13,OPEN,2024-04-21 04:00:00+00:00
27,maribor,JHMB – DVOETAŽNI MOST,Cesta XIV. divizije,"{'lat': 46.554741, 'lng': 15.659814}",False,False,20,9,11,OPEN,2024-04-21 04:00:00+00:00
18,maribor,LIDL - KOROŠKA C.,Koroška cesta 173,"{'lat': 46.565603, 'lng': 15.623133}",False,False,20,2,18,OPEN,2024-04-21 04:00:00+00:00
11,maribor,PARTIZANSKA C. - CANKARJEVA UL.,Partizanska c. 13,"{'lat': 46.56056, 'lng': 15.652935}",False,False,20,4,16,OPEN,2024-04-21 04:00:00+00:00
24,maribor,"VZAJEMNA, VARUH ZDRAVJA - BETNAVSKA C.",Betnavska c. 83,"{'lat': 46.54199, 'lng': 15.63831}",False,False,20,3,17,OPEN,2024-04-21 05:00:00+00:00
10,maribor,TELEMACH - GLAVNI TRG - STARI PERON,Glavni trg 20,"{'lat': 46.557328, 'lng': 15.646833}",False,False,20,13,7,OPEN,2024-04-21 05:00:00+00:00
9,maribor,NKBM - TRG LEONA ŠTUKLJA,Ulica slovenske osamosvojitve 5,"{'lat': 46.558519, 'lng': 15.649072}",False,False,20,14,6,OPEN,2024-04-21 05:00:00+00:00
13,maribor,PARTIZANSKA C. - ŽELEZNIŠKA POSTAJA,Partizanska cesta 46-48,"{'lat': 46.561555, 'lng': 15.65692}",False,False,20,15,5,OPEN,2024-04-21 05:00:00+00:00
20,maribor,EUROPARK - POBREŠKA C.,Pobreška cesta 18,"{'lat': 46.554703, 'lng': 15.652826}",False,False,21,6,15,OPEN,2024-04-21 05:00:00+00:00
4,maribor,STROSSMAYERJEVA UL. - TRŽNICA,Strossmayerjeva ulica 3,"{'lat': 46.558498, 'lng': 15.64146}",False,False,20,19,1,OPEN,2024-04-21 05:00:00+00:00
1,maribor,GOSPOSVETSKA C. - TURNERJEVA UL.,Gosposvetska cesta 69,"{'lat': 46.562695, 'lng': 15.62935}",False,False,22,15,7,OPEN,2024-04-21 05:00:00+00:00
16,maribor,KOROŠKA C. - KOROŠKI VETER,Koroška cesta 74,"{'lat': 46.559319, 'lng': 15.63498}",False,False,20,7,13,OPEN,2024-04-21 05:00:00+00:00
3,maribor,GOSPOSVETSKA C. - III. GIMNAZIJA,Gosposvetska cesta 4,"{'lat': 46.560761, 'lng': 15.64053}",False,False,20,18,2,OPEN,2024-04-21 05:00:00+00:00
21,maribor,GORKEGA UL. - OŠ FRANCETA PREŠERNA,Gorkega ulica 32,"{'lat': 46.550683, 'lng': 15.639333}",False,False,20,12,8,OPEN,2024-04-21 05:00:00+00:00
6,maribor,POŠTA - SLOMŠKOV TRG,Slomškov trg 10,"{'lat': 46.558924, 'lng': 15.644443}",False,False,20,13,7,OPEN,2024-04-21 05:00:00+00:00
22,maribor,DVORANA TABOR,Gorkega ulica 48,"{'lat': 46.549005, 'lng': 15.635014}",False,False,20,20,0,OPEN,2024-04-21 05:00:00+00:00
14,maribor,ULICA MOŠE PIJADA - UKC,Ulica Moše Pijada 6,"{'lat': 46.552652, 'lng': 15.646023}",False,False,20,14,6,OPEN,2024-04-21 05:00:00+00:00
19,maribor,LIDL - TITOVA C.,Titova cesta 15,"{'lat': 46.551963, 'lng': 15.651564}",False,False,20,20,0,OPEN,2024-04-21 05:00:00+00:00
25,maribor,SPAR - TRŽNICA TABOR,Kardeljeva c. 55,"{'lat': 46.542655, 'lng': 15.634329}",False,False,20,12,8,OPEN,2024-04-21 05:00:00+00:00
17,maribor,NA POLJANAH - HEROJA ŠERCERJA,NA POLJANAH 53,"{'lat': 46.553109, 'lng': 15.624098}",False,False,20,10,10,OPEN,2024-04-21 05:00:00+00:00
28,maribor,UM FGPA - LENT - SODNI STOLP,Pristan 6,"{'lat': 46.556731, 'lng': 15.64212}",False,False,20,0,20,OPEN,2024-04-21 05:00:00+00:00
8,maribor,RAZLAGOVA UL. - OBČINA,Razlagova ulica 1,"{'lat': 46.56196, 'lng': 15.650235}",False,False,20,15,5,OPEN,2024-04-21 05:00:00+00:00
7,maribor,PARTIZANSKA C. - TIC,Partizanska cesta 6a,"{'lat': 46.560227, 'lng': 15.650781}",False,False,20,4,16,OPEN,2024-04-21 05:00:00+00:00
2,maribor,GOSPOSVETSKA C. - VRBANSKA C.,Gosposvetska cesta 20,"{'lat': 46.561422, 'lng': 15.637118}",False,False,22,17,5,OPEN,2024-04-21 05:00:00+00:00
5,maribor,MLADINSKA UL. - TRUBARJEVA UL.,Mladinska ulica 15,"{'lat': 46.56294, 'lng': 15.644185}",False,False,16,7,9,OPEN,2024-04-21 05:00:00+00:00
12,maribor,MLINSKA UL . - AVTOBUSNA POSTAJA,Mlinska ulica 24,"{'lat': 46.558534, 'lng': 15.654739}",False,False,20,10,10,OPEN,2024-04-21 05:00:00+00:00
29,maribor,PETROL – LENT – VODNI STOLP,Usnjarska ulica 5,"{'lat': 46.556534, 'lng': 15.647629}",False,False,20,6,14,OPEN,2024-04-21 05:00:00+00:00
15,maribor,LJUBLJANSKA UL. - II. GIMNAZIJA,Ljubljanska ul. 30-25,"{'lat': 46.548853, 'lng': 15.645591}",False,False,20,13,7,OPEN,2024-04-21 05:00:00+00:00
26,maribor,NICEHASH - C. PROLETARSKIH BRIGAD,C. PROLETARSKIH BRIGAD 71,"{'lat': 46.543986, 'lng': 15.629317}",False,False,20,4,16,OPEN,2024-04-21 05:00:00+00:00
23,maribor,LJUBLJANSKA UL. - FOCHEVA,LJUBLJANSKA 41,"{'lat': 46.545947, 'lng': 15.644015}",False,False,20,6,14,OPEN,2024-04-21 05:00:00+00:00
27,maribor,JHMB – DVOETAŽNI MOST,Cesta XIV. divizije,"{'lat': 46.554741, 'lng': 15.659814}",False,False,20,9,11,OPEN,2024-04-21 05:00:00+00:00
18,maribor,LIDL - KOROŠKA C.,Koroška cesta 173,"{'lat': 46.565603, 'lng': 15.623133}",False,False,20,2,18,OPEN,2024-04-21 05:00:00+00:00
11,maribor,PARTIZANSKA C. - CANKARJEVA UL.,Partizanska c. 13,"{'lat': 46.56056, 'lng': 15.652935}",False,False,20,5,15,OPEN,2024-04-21 05:00:00+00:00
24,maribor,"VZAJEMNA, VARUH ZDRAVJA - BETNAVSKA C.",Betnavska c. 83,"{'lat': 46.54199, 'lng': 15.63831}",False,False,20,3,17,OPEN,2024-04-21 06:00:00+00:00
10,maribor,TELEMACH - GLAVNI TRG - STARI PERON,Glavni trg 20,"{'lat': 46.557328, 'lng': 15.646833}",False,False,20,11,9,OPEN,2024-04-21 06:00:00+00:00
9,maribor,NKBM - TRG LEONA ŠTUKLJA,Ulica slovenske osamosvojitve 5,"{'lat': 46.558519, 'lng': 15.649072}",False,False,20,13,7,OPEN,2024-04-21 06:00:00+00:00
13,maribor,PARTIZANSKA C. - ŽELEZNIŠKA POSTAJA,Partizanska cesta 46-48,"{'lat': 46.561555, 'lng': 15.65692}",False,False,20,14,6,OPEN,2024-04-21 06:00:00+00:00
20,maribor,EUROPARK - POBREŠKA C.,Pobreška cesta 18,"{'lat': 46.554703, 'lng': 15.652826}",False,False,21,6,15,OPEN,2024-04-21 06:00:00+00:00
4,maribor,STROSSMAYERJEVA UL. - TRŽNICA,Strossmayerjeva ulica 3,"{'lat': 46.558498, 'lng': 15.64146}",False,False,20,18,2,OPEN,2024-04-21 06:00:00+00:00
1,maribor,GOSPOSVETSKA C. - TURNERJEVA UL.,Gosposvetska cesta 69,"{'lat': 46.562695, 'lng': 15.62935}",False,False,22,15,7,OPEN,2024-04-21 06:00:00+00:00
16,maribor,KOROŠKA C. - KOROŠKI VETER,Koroška cesta 74,"{'lat': 46.559319, 'lng': 15.63498}",False,False,20,8,12,OPEN,2024-04-21 06:00:00+00:00
3,maribor,GOSPOSVETSKA C. - III. GIMNAZIJA,Gosposvetska cesta 4,"{'lat': 46.560761, 'lng': 15.64053}",False,False,20,18,2,OPEN,2024-04-21 06:00:00+00:00
21,maribor,GORKEGA UL. - OŠ FRANCETA PREŠERNA,Gorkega ulica 32,"{'lat': 46.550683, 'lng': 15.639333}",False,False,20,12,8,OPEN,2024-04-21 06:00:00+00:00
6,maribor,POŠTA - SLOMŠKOV TRG,Slomškov trg 10,"{'lat': 46.558924, 'lng': 15.644443}",False,False,20,13,7,OPEN,2024-04-21 06:00:00+00:00
22,maribor,DVORANA TABOR,Gorkega ulica 48,"{'lat': 46.549005, 'lng': 15.635014}",False,False,20,20,0,OPEN,2024-04-21 06:00:00+00:00
14,maribor,ULICA MOŠE PIJADA - UKC,Ulica Moše Pijada 6,"{'lat': 46.552652, 'lng': 15.646023}",False,False,20,16,4,OPEN,2024-04-21 06:00:00+00:00
19,maribor,LIDL - TITOVA C.,Titova cesta 15,"{'lat': 46.551963, 'lng': 15.651564}",False,False,20,20,0,OPEN,2024-04-21 06:00:00+00:00
25,maribor,SPAR - TRŽNICA TABOR,Kardeljeva c. 55,"{'lat': 46.542655, 'lng': 15.634329}",False,False,20,12,8,OPEN,2024-04-21 06:00:00+00:00
17,maribor,NA POLJANAH - HEROJA ŠERCERJA,NA POLJANAH 53,"{'lat': 46.553109, 'lng': 15.624098}",False,False,20,10,10,OPEN,2024-04-21 06:00:00+00:00
28,maribor,UM FGPA - LENT - SODNI STOLP,Pristan 6,"{'lat': 46.556731, 'lng': 15.64212}",False,False,20,0,20,OPEN,2024-04-21 06:00:00+00:00
8,maribor,RAZLAGOVA UL. - OBČINA,Razlagova ulica 1,"{'lat': 46.56196, 'lng': 15.650235}",False,False,20,15,5,OPEN,2024-04-21 06:00:00+00:00
7,maribor,PARTIZANSKA C. - TIC,Partizanska cesta 6a,"{'lat': 46.560227, 'lng': 15.650781}",False,False,20,3,17,OPEN,2024-04-21 06:00:00+00:00
2,maribor,GOSPOSVETSKA C. - VRBANSKA C.,Gosposvetska cesta 20,"{'lat': 46.561422, 'lng': 15.637118}",False,False,22,18,4,OPEN,2024-04-21 06:00:00+00:00
5,maribor,MLADINSKA UL. - TRUBARJEVA UL.,Mladinska ulica 15,"{'lat': 46.56294, 'lng': 15.644185}",False,False,16,7,9,OPEN,2024-04-21 06:00:00+00:00
12,maribor,MLINSKA UL . - AVTOBUSNA POSTAJA,Mlinska ulica 24,"{'lat': 46.558534, 'lng': 15.654739}",False,False,20,9,11,OPEN,2024-04-21 06:00:00+00:00
29,maribor,PETROL – LENT – VODNI STOLP,Usnjarska ulica 5,"{'lat': 46.556534, 'lng': 15.647629}",False,False,20,6,14,OPEN,2024-04-21 06:00:00+00:00
15,maribor,LJUBLJANSKA UL. - II. GIMNAZIJA,Ljubljanska ul. 30-25,"{'lat': 46.548853, 'lng': 15.645591}",False,False,20,13,7,OPEN,2024-04-21 06:00:00+00:00
26,maribor,NICEHASH - C. PROLETARSKIH BRIGAD,C. PROLETARSKIH BRIGAD 71,"{'lat': 46.543986, 'lng': 15.629317}",False,False,20,5,15,OPEN,2024-04-21 06:00:00+00:00
23,maribor,LJUBLJANSKA UL. - FOCHEVA,LJUBLJANSKA 41,"{'lat': 46.545947, 'lng': 15.644015}",False,False,20,7,13,OPEN,2024-04-21 06:00:00+00:00
27,maribor,JHMB – DVOETAŽNI MOST,Cesta XIV. divizije,"{'lat': 46.554741, 'lng': 15.659814}",False,False,20,10,10,OPEN,2024-04-21 06:00:00+00:00
18,maribor,LIDL - KOROŠKA C.,Koroška cesta 173,"{'lat': 46.565603, 'lng': 15.623133}",False,False,20,3,17,OPEN,2024-04-21 06:00:00+00:00
11,maribor,PARTIZANSKA C. - CANKARJEVA UL.,Partizanska c. 13,"{'lat': 46.56056, 'lng': 15.652935}",False,False,20,5,15,OPEN,2024-04-21 06:00:00+00:00
24,maribor,"VZAJEMNA, VARUH ZDRAVJA - BETNAVSKA C.",Betnavska c. 83,"{'lat': 46.54199, 'lng': 15.63831}",False,False,20,4,16,OPEN,2024-04-21 07:00:00+00:00
10,maribor,TELEMACH - GLAVNI TRG - STARI PERON,Glavni trg 20,"{'lat': 46.557328, 'lng': 15.646833}",False,False,20,10,10,OPEN,2024-04-21 07:00:00+00:00
9,maribor,NKBM - TRG LEONA ŠTUKLJA,Ulica slovenske osamosvojitve 5,"{'lat': 46.558519, 'lng': 15.649072}",False,False,20,13,7,OPEN,2024-04-21 07:00:00+00:00
13,maribor,PARTIZANSKA C. - ŽELEZNIŠKA POSTAJA,Partizanska cesta 46-48,"{'lat': 46.561555, 'lng': 15.65692}",False,False,20,15,5,OPEN,2024-04-21 07:00:00+00:00
20,maribor,EUROPARK - POBREŠKA C.,Pobreška cesta 18,"{'lat': 46.554703, 'lng': 15.652826}",False,False,21,6,15,OPEN,2024-04-21 07:00:00+00:00
4,maribor,STROSSMAYERJEVA UL. - TRŽNICA,Strossmayerjeva ulica 3,"{'lat': 46.558498, 'lng': 15.64146}",False,False,20,14,6,OPEN,2024-04-21 07:00:00+00:00
1,maribor,GOSPOSVETSKA C. - TURNERJEVA UL.,Gosposvetska cesta 69,"{'lat': 46.562695, 'lng': 15.62935}",False,False,22,16,6,OPEN,2024-04-21 07:00:00+00:00
16,maribor,KOROŠKA C. - KOROŠKI VETER,Koroška cesta 74,"{'lat': 46.559319, 'lng': 15.63498}",False,False,20,8,12,OPEN,2024-04-21 07:00:00+00:00
3,maribor,GOSPOSVETSKA C. - III. GIMNAZIJA,Gosposvetska cesta 4,"{'lat': 46.560761, 'lng': 15.64053}",False,False,20,18,2,OPEN,2024-04-21 07:00:00+00:00
21,maribor,GORKEGA UL. - OŠ FRANCETA PREŠERNA,Gorkega ulica 32,"{'lat': 46.550683, 'lng': 15.639333}",False,False,20,11,9,OPEN,2024-04-21 07:00:00+00:00
6,maribor,POŠTA - SLOMŠKOV TRG,Slomškov trg 10,"{'lat': 46.558924, 'lng': 15.644443}",False,False,20,17,3,OPEN,2024-04-21 07:00:00+00:00
22,maribor,DVORANA TABOR,Gorkega ulica 48,"{'lat': 46.549005, 'lng': 15.635014}",False,False,20,20,0,OPEN,2024-04-21 07:00:00+00:00
14,maribor,ULICA MOŠE PIJADA - UKC,Ulica Moše Pijada 6,"{'lat': 46.552652, 'lng': 15.646023}",False,False,20,16,4,OPEN,2024-04-21 07:00:00+00:00
19,maribor,LIDL - TITOVA C.,Titova cesta 15,"{'lat': 46.551963, 'lng': 15.651564}",False,False,20,20,0,OPEN,2024-04-21 07:00:00+00:00
25,maribor,SPAR - TRŽNICA TABOR,Kardeljeva c. 55,"{'lat': 46.542655, 'lng': 15.634329}",False,False,20,13,7,OPEN,2024-04-21 07:00:00+00:00
17,maribor,NA POLJANAH - HEROJA ŠERCERJA,NA POLJANAH 53,"{'lat': 46.553109, 'lng': 15.624098}",False,False,20,10,10,OPEN,2024-04-21 07:00:00+00:00
28,maribor,UM FGPA - LENT - SODNI STOLP,Pristan 6,"{'lat': 46.556731, 'lng': 15.64212}",False,False,20,0,20,OPEN,2024-04-21 07:00:00+00:00
8,maribor,RAZLAGOVA UL. - OBČINA,Razlagova ulica 1,"{'lat': 46.56196, 'lng': 15.650235}",False,False,20,15,5,OPEN,2024-04-21 07:00:00+00:00
7,maribor,PARTIZANSKA C. - TIC,Partizanska cesta 6a,"{'lat': 46.560227, 'lng': 15.650781}",False,False,20,3,17,OPEN,2024-04-21 07:00:00+00:00
2,maribor,GOSPOSVETSKA C. - VRBANSKA C.,Gosposvetska cesta 20,"{'lat': 46.561422, 'lng': 15.637118}",False,False,22,17,5,OPEN,2024-04-21 07:00:00+00:00
5,maribor,MLADINSKA UL. - TRUBARJEVA UL.,Mladinska ulica 15,"{'lat': 46.56294, 'lng': 15.644185}",False,False,16,7,9,OPEN,2024-04-21 07:00:00+00:00
12,maribor,MLINSKA UL . - AVTOBUSNA POSTAJA,Mlinska ulica 24,"{'lat': 46.558534, 'lng': 15.654739}",False,False,20,9,11,OPEN,2024-04-21 07:00:00+00:00
29,maribor,PETROL – LENT – VODNI STOLP,Usnjarska ulica 5,"{'lat': 46.556534, 'lng': 15.647629}",False,False,20,6,14,OPEN,2024-04-21 07:00:00+00:00
15,maribor,LJUBLJANSKA UL. - II. GIMNAZIJA,Ljubljanska ul. 30-25,"{'lat': 46.548853, 'lng': 15.645591}",False,False,20,15,5,OPEN,2024-04-21 07:00:00+00:00
26,maribor,NICEHASH - C. PROLETARSKIH BRIGAD,C. PROLETARSKIH BRIGAD 71,"{'lat': 46.543986, 'lng': 15.629317}",False,False,20,5,15,OPEN,2024-04-21 07:00:00+00:00
23,maribor,LJUBLJANSKA UL. - FOCHEVA,LJUBLJANSKA 41,"{'lat': 46.545947, 'lng': 15.644015}",False,False,20,7,13,OPEN,2024-04-21 07:00:00+00:00
27,maribor,JHMB – DVOETAŽNI MOST,Cesta XIV. divizije,"{'lat': 46.554741, 'lng': 15.659814}",False,False,20,10,10,OPEN,2024-04-21 07:00:00+00:00
18,maribor,LIDL - KOROŠKA C.,Koroška cesta 173,"{'lat': 46.565603, 'lng': 15.623133}",False,False,20,4,16,OPEN,2024-04-21 07:00:00+00:00
11,maribor,PARTIZANSKA C. - CANKARJEVA UL.,Partizanska c. 13,"{'lat': 46.56056, 'lng': 15.652935}",False,False,20,6,14,OPEN,2024-04-21 07:00:00+00:00
24,maribor,"VZAJEMNA, VARUH ZDRAVJA - BETNAVSKA C.",Betnavska c. 83,"{'lat': 46.54199, 'lng': 15.63831}",False,False,20,5,15,OPEN,2024-04-21 08:00:00+00:00
10,maribor,TELEMACH - GLAVNI TRG - STARI PERON,Glavni trg 20,"{'lat': 46.557328, 'lng': 15.646833}",False,False,20,9,11,OPEN,2024-04-21 08:00:00+00:00
9,maribor,NKBM - TRG LEONA ŠTUKLJA,Ulica slovenske osamosvojitve 5,"{'lat': 46.558519, 'lng': 15.649072}",False,False,20,12,8,OPEN,2024-04-21 08:00:00+00:00
13,maribor,PARTIZANSKA C. - ŽELEZNIŠKA POSTAJA,Partizanska cesta 46-48,"{'lat': 46.561555, 'lng': 15.65692}",False,False,20,12,8,OPEN,2024-04-21 08:00:00+00:00
20,maribor,EUROPARK - POBREŠKA C.,Pobreška cesta 18,"{'lat': 46.554703, 'lng': 15.652826}",False,False,21,6,15,OPEN,2024-04-21 08:00:00+00:00
4,maribor,STROSSMAYERJEVA UL. - TRŽNICA,Strossmayerjeva ulica 3,"{'lat': 46.558498, 'lng': 15.64146}",False,False,20,14,6,OPEN,2024-04-21 08:00:00+00:00
1,maribor,GOSPOSVETSKA C. - TURNERJEVA UL.,Gosposvetska cesta 69,"{'lat': 46.562695, 'lng': 15.62935}",False,False,22,17,5,OPEN,2024-04-21 08:00:00+00:00
16,maribor,KOROŠKA C. - KOROŠKI VETER,Koroška cesta 74,"{'lat': 46.559319, 'lng': 15.63498}",False,False,20,8,12,OPEN,2024-04-21 08:00:00+00:00
3,maribor,GOSPOSVETSKA C. - III. GIMNAZIJA,Gosposvetska cesta 4,"{'lat': 46.560761, 'lng': 15.64053}",False,False,20,18,2,OPEN,2024-04-21 08:00:00+00:00
21,maribor,GORKEGA UL. - OŠ FRANCETA PREŠERNA,Gorkega ulica 32,"{'lat': 46.550683, 'lng': 15.639333}",False,False,20,11,9,OPEN,2024-04-21 08:00:00+00:00
6,maribor,POŠTA - SLOMŠKOV TRG,Slomškov trg 10,"{'lat': 46.558924, 'lng': 15.644443}",False,False,20,19,1,OPEN,2024-04-21 08:00:00+00:00
22,maribor,DVORANA TABOR,Gorkega ulica 48,"{'lat': 46.549005, 'lng': 15.635014}",False,False,20,19,1,OPEN,2024-04-21 08:00:00+00:00
14,maribor,ULICA MOŠE PIJADA - UKC,Ulica Moše Pijada 6,"{'lat': 46.552652, 'lng': 15.646023}",False,False,20,17,3,OPEN,2024-04-21 08:00:00+00:00
19,maribor,LIDL - TITOVA C.,Titova cesta 15,"{'lat': 46.551963, 'lng': 15.651564}",False,False,20,20,0,OPEN,2024-04-21 08:00:00+00:00
25,maribor,SPAR - TRŽNICA TABOR,Kardeljeva c. 55,"{'lat': 46.542655, 'lng': 15.634329}",False,False,20,7,13,OPEN,2024-04-21 08:00:00+00:00
17,maribor,NA POLJANAH - HEROJA ŠERCERJA,NA POLJANAH 53,"{'lat': 46.553109, 'lng': 15.624098}",False,False,20,9,11,OPEN,2024-04-21 08:00:00+00:00
28,maribor,UM FGPA - LENT - SODNI STOLP,Pristan 6,"{'lat': 46.556731, 'lng': 15.64212}",False,False,20,0,20,OPEN,2024-04-21 08:00:00+00:00
8,maribor,RAZLAGOVA UL. - OBČINA,Razlagova ulica 1,"{'lat': 46.56196, 'lng': 15.650235}",False,False,20,15,5,OPEN,2024-04-21 08:00:00+00:00
7,maribor,PARTIZANSKA C. - TIC,Partizanska cesta 6a,"{'lat': 46.560227, 'lng': 15.650781}",False,False,20,2,18,OPEN,2024-04-21 08:00:00+00:00
2,maribor,GOSPOSVETSKA C. - VRBANSKA C.,Gosposvetska cesta 20,"{'lat': 46.561422, 'lng': 15.637118}",False,False,22,19,3,OPEN,2024-04-21 08:00:00+00:00
5,maribor,MLADINSKA UL. - TRUBARJEVA UL.,Mladinska ulica 15,"{'lat': 46.56294, 'lng': 15.644185}",False,False,16,6,10,OPEN,2024-04-21 08:00:00+00:00
12,maribor,MLINSKA UL . - AVTOBUSNA POSTAJA,Mlinska ulica 24,"{'lat': 46.558534, 'lng': 15.654739}",False,False,20,9,11,OPEN,2024-04-21 08:00:00+00:00
29,maribor,PETROL – LENT – VODNI STOLP,Usnjarska ulica 5,"{'lat': 46.556534, 'lng': 15.647629}",False,False,20,6,14,OPEN,2024-04-21 08:00:00+00:00
15,maribor,LJUBLJANSKA UL. - II. GIMNAZIJA,Ljubljanska ul. 30-25,"{'lat': 46.548853, 'lng': 15.645591}",False,False,20,15,5,OPEN,2024-04-21 08:00:00+00:00
26,maribor,NICEHASH - C. PROLETARSKIH BRIGAD,C. PROLETARSKIH BRIGAD 71,"{'lat': 46.543986, 'lng': 15.629317}",False,False,20,4,16,OPEN,2024-04-21 08:00:00+00:00
23,maribor,LJUBLJANSKA UL. - FOCHEVA,LJUBLJANSKA 41,"{'lat': 46.545947, 'lng': 15.644015}",False,False,20,6,14,OPEN,2024-04-21 08:00:00+00:00
27,maribor,JHMB – DVOETAŽNI MOST,Cesta XIV. divizije,"{'lat': 46.554741, 'lng': 15.659814}",False,False,20,10,10,OPEN,2024-04-21 08:00:00+00:00
18,maribor,LIDL - KOROŠKA C.,Koroška cesta 173,"{'lat': 46.565603, 'lng': 15.623133}",False,False,20,5,15,OPEN,2024-04-21 08:00:00+00:00
11,maribor,PARTIZANSKA C. - CANKARJEVA UL.,Partizanska c. 13,"{'lat': 46.56056, 'lng': 15.652935}",False,False,20,12,8,OPEN,2024-04-21 08:00:00+00:00
24,maribor,"VZAJEMNA, VARUH ZDRAVJA - BETNAVSKA C.",Betnavska c. 83,"{'lat': 46.54199, 'lng': 15.63831}",False,False,20,3,17,OPEN,2024-04-21 09:00:00+00:00
10,maribor,TELEMACH - GLAVNI TRG - STARI PERON,Glavni trg 20,"{'lat': 46.557328, 'lng': 15.646833}",False,False,20,10,10,OPEN,2024-04-21 09:00:00+00:00
9,maribor,NKBM - TRG LEONA ŠTUKLJA,Ulica slovenske osamosvojitve 5,"{'lat': 46.558519, 'lng': 15.649072}",False,False,20,14,6,OPEN,2024-04-21 09:00:00+00:00
13,maribor,PARTIZANSKA C. - ŽELEZNIŠKA POSTAJA,Partizanska cesta 46-48,"{'lat': 46.561555, 'lng': 15.65692}",False,False,20,11,9,OPEN,2024-04-21 09:00:00+00:00
20,maribor,EUROPARK - POBREŠKA C.,Pobreška cesta 18,"{'lat': 46.554703, 'lng': 15.652826}",False,False,21,6,15,OPEN,2024-04-21 09:00:00+00:00
4,maribor,STROSSMAYERJEVA UL. - TRŽNICA,Strossmayerjeva ulica 3,"{'lat': 46.558498, 'lng': 15.64146}",False,False,20,12,8,OPEN,2024-04-21 09:00:00+00:00
1,maribor,GOSPOSVETSKA C. - TURNERJEVA UL.,Gosposvetska cesta 69,"{'lat': 46.562695, 'lng': 15.62935}",False,False,22,22,0,OPEN,2024-04-21 09:00:00+00:00
16,maribor,KOROŠKA C. - KOROŠKI VETER,Koroška cesta 74,"{'lat': 46.559319, 'lng': 15.63498}",False,False,20,5,15,OPEN,2024-04-21 09:00:00+00:00
3,maribor,GOSPOSVETSKA C. - III. GIMNAZIJA,Gosposvetska cesta 4,"{'lat': 46.560761, 'lng': 15.64053}",False,False,20,19,1,OPEN,2024-04-21 09:00:00+00:00
21,maribor,GORKEGA UL. - OŠ FRANCETA PREŠERNA,Gorkega ulica 32,"{'lat': 46.550683, 'lng': 15.639333}",False,False,20,12,8,OPEN,2024-04-21 09:00:00+00:00
6,maribor,POŠTA - SLOMŠKOV TRG,Slomškov trg 10,"{'lat': 46.558924, 'lng': 15.644443}",False,False,20,19,1,OPEN,2024-04-21 09:00:00+00:00
22,maribor,DVORANA TABOR,Gorkega ulica 48,"{'lat': 46.549005, 'lng': 15.635014}",False,False,20,19,1,OPEN,2024-04-21 09:00:00+00:00
14,maribor,ULICA MOŠE PIJADA - UKC,Ulica Moše Pijada 6,"{'lat': 46.552652, 'lng': 15.646023}",False,False,20,17,3,OPEN,2024-04-21 09:00:00+00:00
19,maribor,LIDL - TITOVA C.,Titova cesta 15,"{'lat': 46.551963, 'lng': 15.651564}",False,False,20,20,0,OPEN,2024-04-21 09:00:00+00:00
25,maribor,SPAR - TRŽNICA TABOR,Kardeljeva c. 55,"{'lat': 46.542655, 'lng': 15.634329}",False,False,20,7,13,OPEN,2024-04-21 09:00:00+00:00
17,maribor,NA POLJANAH - HEROJA ŠERCERJA,NA POLJANAH 53,"{'lat': 46.553109, 'lng': 15.624098}",False,False,20,9,11,OPEN,2024-04-21 09:00:00+00:00
28,maribor,UM FGPA - LENT - SODNI STOLP,Pristan 6,"{'lat': 46.556731, 'lng': 15.64212}",False,False,20,0,20,OPEN,2024-04-21 09:00:00+00:00
8,maribor,RAZLAGOVA UL. - OBČINA,Razlagova ulica 1,"{'lat': 46.56196, 'lng': 15.650235}",False,False,20,14,6,OPEN,2024-04-21 09:00:00+00:00
7,maribor,PARTIZANSKA C. - TIC,Partizanska cesta 6a,"{'lat': 46.560227, 'lng': 15.650781}",False,False,20,1,19,OPEN,2024-04-21 09:00:00+00:00
2,maribor,GOSPOSVETSKA C. - VRBANSKA C.,Gosposvetska cesta 20,"{'lat': 46.561422, 'lng': 15.637118}",False,False,22,21,1,OPEN,2024-04-21 09:00:00+00:00
5,maribor,MLADINSKA UL. - TRUBARJEVA UL.,Mladinska ulica 15,"{'lat': 46.56294, 'lng': 15.644185}",False,False,16,7,9,OPEN,2024-04-21 09:00:00+00:00
12,maribor,MLINSKA UL . - AVTOBUSNA POSTAJA,Mlinska ulica 24,"{'lat': 46.558534, 'lng': 15.654739}",False,False,20,9,11,OPEN,2024-04-21 09:00:00+00:00
29,maribor,PETROL – LENT – VODNI STOLP,Usnjarska ulica 5,"{'lat': 46.556534, 'lng': 15.647629}",False,False,20,5,15,OPEN,2024-04-21 09:00:00+00:00
15,maribor,LJUBLJANSKA UL. - II. GIMNAZIJA,Ljubljanska ul. 30-25,"{'lat': 46.548853, 'lng': 15.645591}",False,False,20,17,3,OPEN,2024-04-21 09:00:00+00:00
26,maribor,NICEHASH - C. PROLETARSKIH BRIGAD,C. PROLETARSKIH BRIGAD 71,"{'lat': 46.543986, 'lng': 15.629317}",False,False,20,5,15,OPEN,2024-04-21 09:00:00+00:00
23,maribor,LJUBLJANSKA UL. - FOCHEVA,LJUBLJANSKA 41,"{'lat': 46.545947, 'lng': 15.644015}",False,False,20,7,13,OPEN,2024-04-21 09:00:00+00:00
27,maribor,JHMB – DVOETAŽNI MOST,Cesta XIV. divizije,"{'lat': 46.554741, 'lng': 15.659814}",False,False,20,10,9,OPEN,2024-04-21 09:00:00+00:00
18,maribor,LIDL - KOROŠKA C.,Koroška cesta 173,"{'lat': 46.565603, 'lng': 15.623133}",False,False,20,5,15,OPEN,2024-04-21 09:00:00+00:00
11,maribor,PARTIZANSKA C. - CANKARJEVA UL.,Partizanska c. 13,"{'lat': 46.56056, 'lng': 15.652935}",False,False,20,15,5,OPEN,2024-04-21 09:00:00+00:00
24,maribor,"VZAJEMNA, VARUH ZDRAVJA - BETNAVSKA C.",Betnavska c. 83,"{'lat': 46.54199, 'lng': 15.63831}",False,False,20,2,18,OPEN,2024-04-21 10:00:00+00:00
10,maribor,TELEMACH - GLAVNI TRG - STARI PERON,Glavni trg 20,"{'lat': 46.557328, 'lng': 15.646833}",False,False,20,6,14,OPEN,2024-04-21 10:00:00+00:00
9,maribor,NKBM - TRG LEONA ŠTUKLJA,Ulica slovenske osamosvojitve 5,"{'lat': 46.558519, 'lng': 15.649072}",False,False,20,15,5,OPEN,2024-04-21 10:00:00+00:00
13,maribor,PARTIZANSKA C. - ŽELEZNIŠKA POSTAJA,Partizanska cesta 46-48,"{'lat': 46.561555, 'lng': 15.65692}",False,False,20,12,8,OPEN,2024-04-21 10:00:00+00:00
20,maribor,EUROPARK - POBREŠKA C.,Pobreška cesta 18,"{'lat': 46.554703, 'lng': 15.652826}",False,False,21,6,15,OPEN,2024-04-21 10:00:00+00:00
4,maribor,STROSSMAYERJEVA UL. - TRŽNICA,Strossmayerjeva ulica 3,"{'lat': 46.558498, 'lng': 15.64146}",False,False,20,6,14,OPEN,2024-04-21 10:00:00+00:00
1,maribor,GOSPOSVETSKA C. - TURNERJEVA UL.,Gosposvetska cesta 69,"{'lat': 46.562695, 'lng': 15.62935}",False,False,22,21,1,OPEN,2024-04-21 10:00:00+00:00
16,maribor,KOROŠKA C. - KOROŠKI VETER,Koroška cesta 74,"{'lat': 46.559319, 'lng': 15.63498}",False,False,20,8,12,OPEN,2024-04-21 10:00:00+00:00
3,maribor,GOSPOSVETSKA C. - III. GIMNAZIJA,Gosposvetska cesta 4,"{'lat': 46.560761, 'lng': 15.64053}",False,False,20,20,0,OPEN,2024-04-21 10:00:00+00:00
21,maribor,GORKEGA UL. - OŠ FRANCETA PREŠERNA,Gorkega ulica 32,"{'lat': 46.550683, 'lng': 15.639333}",False,False,20,13,7,OPEN,2024-04-21 10:00:00+00:00
6,maribor,POŠTA - SLOMŠKOV TRG,Slomškov trg 10,"{'lat': 46.558924, 'lng': 15.644443}",False,False,20,20,0,OPEN,2024-04-21 10:00:00+00:00
22,maribor,DVORANA TABOR,Gorkega ulica 48,"{'lat': 46.549005, 'lng': 15.635014}",False,False,20,17,3,OPEN,2024-04-21 10:00:00+00:00
14,maribor,ULICA MOŠE PIJADA - UKC,Ulica Moše Pijada 6,"{'lat': 46.552652, 'lng': 15.646023}",False,False,20,16,4,OPEN,2024-04-21 10:00:00+00:00
19,maribor,LIDL - TITOVA C.,Titova cesta 15,"{'lat': 46.551963, 'lng': 15.651564}",False,False,20,20,0,OPEN,2024-04-21 10:00:00+00:00
25,maribor,SPAR - TRŽNICA TABOR,Kardeljeva c. 55,"{'lat': 46.542655, 'lng': 15.634329}",False,False,20,7,13,OPEN,2024-04-21 10:00:00+00:00
17,maribor,NA POLJANAH - HEROJA ŠERCERJA,NA POLJANAH 53,"{'lat': 46.553109, 'lng': 15.624098}",False,False,20,10,10,OPEN,2024-04-21 10:00:00+00:00
28,maribor,UM FGPA - LENT - SODNI STOLP,Pristan 6,"{'lat': 46.556731, 'lng': 15.64212}",False,False,20,0,20,OPEN,2024-04-21 10:00:00+00:00
8,maribor,RAZLAGOVA UL. - OBČINA,Razlagova ulica 1,"{'lat': 46.56196, 'lng': 15.650235}",False,False,20,13,7,OPEN,2024-04-21 10:00:00+00:00
7,maribor,PARTIZANSKA C. - TIC,Partizanska cesta 6a,"{'lat': 46.560227, 'lng': 15.650781}",False,False,20,2,18,OPEN,2024-04-21 10:00:00+00:00
2,maribor,GOSPOSVETSKA C. - VRBANSKA C.,Gosposvetska cesta 20,"{'lat': 46.561422, 'lng': 15.637118}",False,False,22,21,1,OPEN,2024-04-21 10:00:00+00:00
5,maribor,MLADINSKA UL. - TRUBARJEVA UL.,Mladinska ulica 15,"{'lat': 46.56294, 'lng': 15.644185}",False,False,16,8,8,OPEN,2024-04-21 10:00:00+00:00
12,maribor,MLINSKA UL . - AVTOBUSNA POSTAJA,Mlinska ulica 24,"{'lat': 46.558534, 'lng': 15.654739}",False,False,20,7,13,OPEN,2024-04-21 10:00:00+00:00
29,maribor,PETROL – LENT – VODNI STOLP,Usnjarska ulica 5,"{'lat': 46.556534, 'lng': 15.647629}",False,False,20,4,16,OPEN,2024-04-21 10:00:00+00:00
15,maribor,LJUBLJANSKA UL. - II. GIMNAZIJA,Ljubljanska ul. 30-25,"{'lat': 46.548853, 'lng': 15.645591}",False,False,20,16,4,OPEN,2024-04-21 10:00:00+00:00
26,maribor,NICEHASH - C. PROLETARSKIH BRIGAD,C. PROLETARSKIH BRIGAD 71,"{'lat': 46.543986, 'lng': 15.629317}",False,False,20,6,14,OPEN,2024-04-21 10:00:00+00:00
23,maribor,LJUBLJANSKA UL. - FOCHEVA,LJUBLJANSKA 41,"{'lat': 46.545947, 'lng': 15.644015}",False,False,20,11,9,OPEN,2024-04-21 10:00:00+00:00
27,maribor,JHMB – DVOETAŽNI MOST,Cesta XIV. divizije,"{'lat': 46.554741, 'lng': 15.659814}",False,False,20,10,9,OPEN,2024-04-21 10:00:00+00:00
18,maribor,LIDL - KOROŠKA C.,Koroška cesta 173,"{'lat': 46.565603, 'lng': 15.623133}",False,False,20,5,15,OPEN,2024-04-21 10:00:00+00:00
11,maribor,PARTIZANSKA C. - CANKARJEVA UL.,Partizanska c. 13,"{'lat': 46.56056, 'lng': 15.652935}",False,False,20,16,4,OPEN,2024-04-21 10:00:00+00:00
